{
  "weights": [
    -0.000309549938991342,
    -0.07542863617829852,
    -0.00569941459850187,
    -0.00012397145008117435,
    -0.0023699373756095356,
    -0.3212938465290737
  ],
  "bias": -0.3356447343477197,
  "learningRate": 0.01,
  "featureCount": 6
}